section,analysis,scope,cohort_or_model,metric,value,ci95_low,ci95_high,unit,direction,note,source_file
Cohort,FILE11C,primary,Development,n,4227,,,genomes,,,file11c_final_summary.json
Cohort,FILE11C,primary,Development,R,1601,,,genomes,,,file11c_final_summary.json
Cohort,FILE11C,primary,Development,S,2626,,,genomes,,,file11c_final_summary.json
Cohort,FILE11C,primary,External E2 meropenem,n,525,,,genomes,,,file11c_final_summary.json
Cohort,FILE11C,primary,External E2 meropenem,R,163,,,genomes,,,file11c_final_summary.json
Cohort,FILE11C,primary,External E2 meropenem,S,362,,,genomes,,,file11c_final_summary.json
Cohort,FILE11C,primary,External E2 meropenem,unique_ERD_SNP_groups,289,,,clusters,,,file11c_final_summary.json
Internal validation,FILE09,internal_reference,Internal genomic-cluster-aware CV,roc_auc,0.9709850598366974,0.9418369874358177,0.9814689576625824,,higher better,Known-AMR logistic regression; 5 outer folds.,file09_performance_summary.csv
Internal validation,FILE09,internal_reference,Internal genomic-cluster-aware CV,average_precision,0.9640637999072673,0.9073828712105751,0.9765377506613732,,higher better,Known-AMR logistic regression; 5 outer folds.,file09_performance_summary.csv
Internal validation,FILE09,internal_reference,Internal genomic-cluster-aware CV,balanced_accuracy,0.9384729389395655,0.905149196088314,0.9514518871903419,,higher better,Known-AMR logistic regression; 5 outer folds.,file09_performance_summary.csv
Internal validation,FILE09,internal_reference,Internal genomic-cluster-aware CV,mcc,0.8866547697061655,0.8341023191809654,0.9084642112255097,,higher better,Known-AMR logistic regression; 5 outer folds.,file09_performance_summary.csv
Internal validation,FILE09,internal_reference,Internal genomic-cluster-aware CV,brier,0.046057471813091805,,,,lower better,Known-AMR logistic regression; 5 outer folds.,file09_performance_summary.csv
Internal validation,FILE09,internal_reference,Internal genomic-cluster-aware CV,log_loss,0.1794989300202585,,,,lower better,Known-AMR logistic regression; 5 outer folds.,file09_performance_summary.csv
Internal validation,FILE09,internal_reference,Internal MLST-aware CV,roc_auc,0.9679411039836741,0.9438636243343353,0.9806193634867668,,higher better,Known-AMR logistic regression; 5 outer folds.,file09_performance_summary.csv
Internal validation,FILE09,internal_reference,Internal MLST-aware CV,average_precision,0.9591637267422499,0.9080770403146744,0.9759081840515137,,higher better,Known-AMR logistic regression; 5 outer folds.,file09_performance_summary.csv
Internal validation,FILE09,internal_reference,Internal MLST-aware CV,balanced_accuracy,0.9312849303653895,0.8987798720598221,0.9472996681928635,,higher better,Known-AMR logistic regression; 5 outer folds.,file09_performance_summary.csv
Internal validation,FILE09,internal_reference,Internal MLST-aware CV,mcc,0.8773697673446573,0.8285768330097198,0.9020745396614075,,higher better,Known-AMR logistic regression; 5 outer folds.,file09_performance_summary.csv
Internal validation,FILE09,internal_reference,Internal MLST-aware CV,brier,0.04868163790424235,,,,lower better,Known-AMR logistic regression; 5 outer folds.,file09_performance_summary.csv
Internal validation,FILE09,internal_reference,Internal MLST-aware CV,log_loss,0.18803261100308727,,,,lower better,Known-AMR logistic regression; 5 outer folds.,file09_performance_summary.csv
Internal validation,FILE09,internal_reference,Internal random stratified CV,roc_auc,0.9802819671934075,0.9705131351947784,0.9873060941696167,,higher better,Known-AMR logistic regression; 5 outer folds.,file09_performance_summary.csv
Internal validation,FILE09,internal_reference,Internal random stratified CV,average_precision,0.9757804059969895,0.9561634182929992,0.986037141084671,,higher better,Known-AMR logistic regression; 5 outer folds.,file09_performance_summary.csv
Internal validation,FILE09,internal_reference,Internal random stratified CV,balanced_accuracy,0.9499461315975166,0.9313504636287689,0.962480092048645,,higher better,Known-AMR logistic regression; 5 outer folds.,file09_performance_summary.csv
Internal validation,FILE09,internal_reference,Internal random stratified CV,mcc,0.9052544840607408,0.8726076140999794,0.9272068619728089,,higher better,Known-AMR logistic regression; 5 outer folds.,file09_performance_summary.csv
Internal validation,FILE09,internal_reference,Internal random stratified CV,brier,0.038394421186347547,,,,lower better,Known-AMR logistic regression; 5 outer folds.,file09_performance_summary.csv
Internal validation,FILE09,internal_reference,Internal random stratified CV,log_loss,0.14982614058673074,,,,lower better,Known-AMR logistic regression; 5 outer folds.,file09_performance_summary.csv
Blind external validation,FILE11C,primary,Frozen ML — E2,roc_auc,0.6673473884011795,0.5569897937839994,0.7667040913397083,,higher better,"Threshold fixed at 0.5; no E2 tuning. CI uses 2,000 ERD/SNP-cluster bootstraps where available.",file11c_final_summary.json / file11c_cluster_bootstrap_ci.csv
Blind external validation,FILE11C,primary,Frozen ML — E2,average_precision,0.41148135228449423,0.27779214502131055,0.5906190265658018,,higher better,"Threshold fixed at 0.5; no E2 tuning. CI uses 2,000 ERD/SNP-cluster bootstraps where available.",file11c_final_summary.json / file11c_cluster_bootstrap_ci.csv
Blind external validation,FILE11C,primary,Frozen ML — E2,accuracy,0.6285714285714286,,,,higher better,"Threshold fixed at 0.5; no E2 tuning. CI uses 2,000 ERD/SNP-cluster bootstraps where available.",file11c_final_summary.json / file11c_cluster_bootstrap_ci.csv
Blind external validation,FILE11C,primary,Frozen ML — E2,balanced_accuracy,0.6396044470053893,0.555252210518211,0.7206666541570619,,higher better,"Threshold fixed at 0.5; no E2 tuning. CI uses 2,000 ERD/SNP-cluster bootstraps where available.",file11c_final_summary.json / file11c_cluster_bootstrap_ci.csv
Blind external validation,FILE11C,primary,Frozen ML — E2,mcc,0.25866697519334364,0.09504171348645013,0.42415039857858894,,higher better,"Threshold fixed at 0.5; no E2 tuning. CI uses 2,000 ERD/SNP-cluster bootstraps where available.",file11c_final_summary.json / file11c_cluster_bootstrap_ci.csv
Blind external validation,FILE11C,primary,Frozen ML — E2,sensitivity,0.6687116564417178,0.5555365296803654,0.7692415730337079,,higher better,"Threshold fixed at 0.5; no E2 tuning. CI uses 2,000 ERD/SNP-cluster bootstraps where available.",file11c_final_summary.json / file11c_cluster_bootstrap_ci.csv
Blind external validation,FILE11C,primary,Frozen ML — E2,specificity,0.6104972375690608,0.49472066691551575,0.7460815047021944,,higher better,"Threshold fixed at 0.5; no E2 tuning. CI uses 2,000 ERD/SNP-cluster bootstraps where available.",file11c_final_summary.json / file11c_cluster_bootstrap_ci.csv
Blind external validation,FILE11C,primary,Frozen ML — E2,f1,0.5278450363196125,,,,higher better,"Threshold fixed at 0.5; no E2 tuning. CI uses 2,000 ERD/SNP-cluster bootstraps where available.",file11c_final_summary.json / file11c_cluster_bootstrap_ci.csv
Blind external validation,FILE11C,primary,Frozen ML — E2,brier,0.3156477671778104,0.23364424980811202,0.40688970036333005,,lower better,"Threshold fixed at 0.5; no E2 tuning. CI uses 2,000 ERD/SNP-cluster bootstraps where available.",file11c_final_summary.json / file11c_cluster_bootstrap_ci.csv
Blind external validation,FILE11C,primary,Frozen ML — E2,log_loss,1.442409328873806,,,,lower better,"Threshold fixed at 0.5; no E2 tuning. CI uses 2,000 ERD/SNP-cluster bootstraps where available.",file11c_final_summary.json / file11c_cluster_bootstrap_ci.csv
Blind external validation,FILE11C,primary,Frozen ML — E2,TP,109,,,genomes,,,file11c_final_summary.json
Blind external validation,FILE11C,primary,Frozen ML — E2,TN,221,,,genomes,,,file11c_final_summary.json
Blind external validation,FILE11C,primary,Frozen ML — E2,FP,141,,,genomes,,,file11c_final_summary.json
Blind external validation,FILE11C,primary,Frozen ML — E2,FN,54,,,genomes,,,file11c_final_summary.json
Calibration,FILE11D,posthoc_diagnostic,Frozen ML — E2,calibration_slope,0.12918627805769098,,,,ideal = 1,Diagnostic only; no recalibration applied. Exact value synchronized from canonical verifier output.,checkpoints/external_validation_file11d/file11d_final_summary.json
Calibration,FILE11D,posthoc_diagnostic,Frozen ML — E2,calibration_intercept,-0.8474011660738681,,,,ideal = 0,Diagnostic only; no recalibration applied. Exact value synchronized from canonical verifier output.,checkpoints/external_validation_file11d/file11d_final_summary.json
Calibration,FILE11D,posthoc_diagnostic,Frozen ML — E2,mean_predicted_probability_R,0.46025605013925824,,,,,,file11c_blind_predictions.csv
Calibration,FILE11D,posthoc_diagnostic,Frozen ML — E2,observed_R_prevalence,0.31047619047619046,,,,,,file11c_blind_predictions.csv
Calibration,FILE11D,posthoc_diagnostic,Frozen ML — E2,total_errors,195,,,genomes,,,file11c_blind_predictions.csv
Calibration,FILE11D,posthoc_diagnostic,Frozen ML — E2,high_confidence_errors_ge_0.90,128,,,genomes,,90 FP + 38 FN at >=0.90 confidence in the wrong class.,FILE11D diagnostics / file11c_blind_predictions.csv
Lineage robustness,FILE11C/11D,posthoc_diagnostic,seen_ST,n,414,,,genomes,,,file11c_mlst_subgroup_metrics.csv
Lineage robustness,FILE11C/11D,posthoc_diagnostic,seen_ST,R,138,,,genomes,,,file11c_mlst_subgroup_metrics.csv
Lineage robustness,FILE11C/11D,posthoc_diagnostic,seen_ST,S,276,,,genomes,,,file11c_mlst_subgroup_metrics.csv
Lineage robustness,FILE11C/11D,posthoc_diagnostic,seen_ST,roc_auc,0.6571229783658895,,,,higher better,,file11c_mlst_subgroup_metrics.csv
Lineage robustness,FILE11C/11D,posthoc_diagnostic,seen_ST,average_precision,0.42328202048962926,,,,higher better,,file11c_mlst_subgroup_metrics.csv
Lineage robustness,FILE11C/11D,posthoc_diagnostic,seen_ST,balanced_accuracy,0.6340579710144927,,,,higher better,,file11c_mlst_subgroup_metrics.csv
Lineage robustness,FILE11C/11D,posthoc_diagnostic,seen_ST,mcc,0.2528293425238886,,,,higher better,,file11c_mlst_subgroup_metrics.csv
Lineage robustness,FILE11C/11D,posthoc_diagnostic,seen_ST,brier,0.3314593063062331,,,,lower better,,file11c_mlst_subgroup_metrics.csv
Lineage robustness,FILE11C/11D,posthoc_diagnostic,unresolved_ST,n,31,,,genomes,,,file11c_mlst_subgroup_metrics.csv
Lineage robustness,FILE11C/11D,posthoc_diagnostic,unresolved_ST,R,10,,,genomes,,,file11c_mlst_subgroup_metrics.csv
Lineage robustness,FILE11C/11D,posthoc_diagnostic,unresolved_ST,S,21,,,genomes,,,file11c_mlst_subgroup_metrics.csv
Lineage robustness,FILE11C/11D,posthoc_diagnostic,unresolved_ST,roc_auc,0.8571428571428571,,,,higher better,,file11c_mlst_subgroup_metrics.csv
Lineage robustness,FILE11C/11D,posthoc_diagnostic,unresolved_ST,average_precision,0.756547619047619,,,,higher better,,file11c_mlst_subgroup_metrics.csv
Lineage robustness,FILE11C/11D,posthoc_diagnostic,unresolved_ST,balanced_accuracy,0.7761904761904761,,,,higher better,,file11c_mlst_subgroup_metrics.csv
Lineage robustness,FILE11C/11D,posthoc_diagnostic,unresolved_ST,mcc,0.6175806794999419,,,,higher better,,file11c_mlst_subgroup_metrics.csv
Lineage robustness,FILE11C/11D,posthoc_diagnostic,unresolved_ST,brier,0.1393518125454414,,,,lower better,,file11c_mlst_subgroup_metrics.csv
Lineage robustness,FILE11C/11D,posthoc_diagnostic,unseen_ST,n,80,,,genomes,,,file11c_mlst_subgroup_metrics.csv
Lineage robustness,FILE11C/11D,posthoc_diagnostic,unseen_ST,R,15,,,genomes,,,file11c_mlst_subgroup_metrics.csv
Lineage robustness,FILE11C/11D,posthoc_diagnostic,unseen_ST,S,65,,,genomes,,,file11c_mlst_subgroup_metrics.csv
Lineage robustness,FILE11C/11D,posthoc_diagnostic,unseen_ST,roc_auc,0.5948717948717949,,,,higher better,,file11c_mlst_subgroup_metrics.csv
Lineage robustness,FILE11C/11D,posthoc_diagnostic,unseen_ST,average_precision,0.2822314917809913,,,,higher better,,file11c_mlst_subgroup_metrics.csv
Lineage robustness,FILE11C/11D,posthoc_diagnostic,unseen_ST,balanced_accuracy,0.582051282051282,,,,higher better,,file11c_mlst_subgroup_metrics.csv
Lineage robustness,FILE11C/11D,posthoc_diagnostic,unseen_ST,mcc,0.13074409009212268,,,,higher better,,file11c_mlst_subgroup_metrics.csv
Lineage robustness,FILE11C/11D,posthoc_diagnostic,unseen_ST,brier,0.3021377346082659,,,,lower better,,file11c_mlst_subgroup_metrics.csv
Lineage robustness,FILE11D,posthoc_diagnostic,seen_ST minus unseen_ST,delta_roc_auc,0.06225118349409464,-0.23246468483607372,0.32223629870106113,,positive = seen_ST higher,Paired/descriptive ERD-cluster bootstrap; wide CI includes 0.,file11d_lineage_cluster_bootstrap.csv
Lineage robustness,FILE11D,posthoc_diagnostic,seen_ST minus unseen_ST,delta_balanced_accuracy,0.0520066889632107,-0.20355103197024768,0.2709196199929756,,positive = seen_ST higher,Paired/descriptive ERD-cluster bootstrap; wide CI includes 0.,file11d_lineage_cluster_bootstrap.csv
Lineage robustness,FILE11D,posthoc_diagnostic,seen_ST minus unseen_ST,delta_mcc,0.12208525243176593,-0.3153349455172908,0.48449808366764974,,positive = seen_ST higher,Paired/descriptive ERD-cluster bootstrap; wide CI includes 0.,file11d_lineage_cluster_bootstrap.csv
Domain shift,FILE11D,posthoc_diagnostic,668 frozen features,features_abs_prevalence_shift_gt_0.05,43,,,features,,,file11d_coefficient_weighted_domain_shift.csv
Domain shift,FILE11D,posthoc_diagnostic,668 frozen features,features_abs_prevalence_shift_gt_0.10,18,,,features,,,file11d_coefficient_weighted_domain_shift.csv
Domain shift,FILE11D,posthoc_diagnostic,668 frozen features,features_abs_prevalence_shift_gt_0.15,7,,,features,,,file11d_coefficient_weighted_domain_shift.csv
Domain shift,FILE11C/11D,posthoc_diagnostic,External E2,out_of_schema_determinants,89,,,unique determinants,,,file11c_final_summary.json
Domain shift,FILE11C,primary,External E2,zero_feature_genomes,0,,,genomes,,,file11c_final_summary.json
Simple comparator,FILE11E,posthoc_comparator,AMRFinder broad carbapenemase rule,roc_auc,0.6885062536013287,,,,higher better,Secondary post-hoc comparator; rules were not tuned on E2 labels.,file11e_final_summary.json
Simple comparator,FILE11E,posthoc_comparator,AMRFinder broad carbapenemase rule,average_precision,0.42695137173664777,,,,higher better,Secondary post-hoc comparator; rules were not tuned on E2 labels.,file11e_final_summary.json
Simple comparator,FILE11E,posthoc_comparator,AMRFinder broad carbapenemase rule,balanced_accuracy,0.6885062536013287,,,,higher better,Secondary post-hoc comparator; rules were not tuned on E2 labels.,file11e_final_summary.json
Simple comparator,FILE11E,posthoc_comparator,AMRFinder broad carbapenemase rule,mcc,0.35424083283358554,,,,higher better,Secondary post-hoc comparator; rules were not tuned on E2 labels.,file11e_final_summary.json
Simple comparator,FILE11E,posthoc_comparator,AMRFinder broad carbapenemase rule,sensitivity,0.8466257668711656,,,,higher better,Secondary post-hoc comparator; rules were not tuned on E2 labels.,file11e_final_summary.json
Simple comparator,FILE11E,posthoc_comparator,AMRFinder broad carbapenemase rule,specificity,0.5303867403314917,,,,higher better,Secondary post-hoc comparator; rules were not tuned on E2 labels.,file11e_final_summary.json
Simple comparator,FILE11E,posthoc_comparator,AMRFinder broad carbapenemase rule,f1,0.5859872611464968,,,,higher better,Secondary post-hoc comparator; rules were not tuned on E2 labels.,file11e_final_summary.json
Simple comparator,FILE11E,posthoc_comparator,AMRFinder broad carbapenemase rule,accuracy,0.6285714285714286,,,,higher better,Secondary post-hoc comparator; rules were not tuned on E2 labels.,file11e_final_summary.json
Simple comparator,FILE11E,posthoc_comparator,Development-prevalence null,roc_auc,0.5,,,,higher better,Secondary post-hoc comparator; rules were not tuned on E2 labels.,file11e_final_summary.json
Simple comparator,FILE11E,posthoc_comparator,Development-prevalence null,average_precision,0.31047619047619046,,,,higher better,Secondary post-hoc comparator; rules were not tuned on E2 labels.,file11e_final_summary.json
Simple comparator,FILE11E,posthoc_comparator,Development-prevalence null,balanced_accuracy,0.5,,,,higher better,Secondary post-hoc comparator; rules were not tuned on E2 labels.,file11e_final_summary.json
Simple comparator,FILE11E,posthoc_comparator,Development-prevalence null,mcc,0.0,,,,higher better,Secondary post-hoc comparator; rules were not tuned on E2 labels.,file11e_final_summary.json
Simple comparator,FILE11E,posthoc_comparator,Development-prevalence null,sensitivity,0.0,,,,higher better,Secondary post-hoc comparator; rules were not tuned on E2 labels.,file11e_final_summary.json
Simple comparator,FILE11E,posthoc_comparator,Development-prevalence null,specificity,1.0,,,,higher better,Secondary post-hoc comparator; rules were not tuned on E2 labels.,file11e_final_summary.json
Simple comparator,FILE11E,posthoc_comparator,Development-prevalence null,f1,0.0,,,,higher better,Secondary post-hoc comparator; rules were not tuned on E2 labels.,file11e_final_summary.json
Simple comparator,FILE11E,posthoc_comparator,Development-prevalence null,accuracy,0.6895238095238095,,,,higher better,Secondary post-hoc comparator; rules were not tuned on E2 labels.,file11e_final_summary.json
Simple comparator,FILE11E,posthoc_comparator,Development-prevalence null,brier,0.21874280593424125,,,,lower better,Secondary post-hoc comparator; rules were not tuned on E2 labels.,file11e_final_summary.json
Simple comparator,FILE11E,posthoc_comparator,Development-prevalence null,log_loss,0.6296647166072147,,,,lower better,Secondary post-hoc comparator; rules were not tuned on E2 labels.,file11e_final_summary.json
Simple comparator,FILE11E,posthoc_comparator,Frozen ML,roc_auc,0.6673473884011795,,,,higher better,Secondary post-hoc comparator; rules were not tuned on E2 labels.,file11e_final_summary.json
Simple comparator,FILE11E,posthoc_comparator,Frozen ML,average_precision,0.41148135228449423,,,,higher better,Secondary post-hoc comparator; rules were not tuned on E2 labels.,file11e_final_summary.json
Simple comparator,FILE11E,posthoc_comparator,Frozen ML,balanced_accuracy,0.6396044470053893,,,,higher better,Secondary post-hoc comparator; rules were not tuned on E2 labels.,file11e_final_summary.json
Simple comparator,FILE11E,posthoc_comparator,Frozen ML,mcc,0.25866697519334364,,,,higher better,Secondary post-hoc comparator; rules were not tuned on E2 labels.,file11e_final_summary.json
Simple comparator,FILE11E,posthoc_comparator,Frozen ML,sensitivity,0.6687116564417178,,,,higher better,Secondary post-hoc comparator; rules were not tuned on E2 labels.,file11e_final_summary.json
Simple comparator,FILE11E,posthoc_comparator,Frozen ML,specificity,0.6104972375690608,,,,higher better,Secondary post-hoc comparator; rules were not tuned on E2 labels.,file11e_final_summary.json
Simple comparator,FILE11E,posthoc_comparator,Frozen ML,f1,0.5278450363196125,,,,higher better,Secondary post-hoc comparator; rules were not tuned on E2 labels.,file11e_final_summary.json
Simple comparator,FILE11E,posthoc_comparator,Frozen ML,accuracy,0.6285714285714286,,,,higher better,Secondary post-hoc comparator; rules were not tuned on E2 labels.,file11e_final_summary.json
Simple comparator,FILE11E,posthoc_comparator,Frozen ML,brier,0.3156477671778104,,,,lower better,Secondary post-hoc comparator; rules were not tuned on E2 labels.,file11e_final_summary.json
Simple comparator,FILE11E,posthoc_comparator,Frozen ML,log_loss,1.4424093288738087,,,,lower better,Secondary post-hoc comparator; rules were not tuned on E2 labels.,file11e_final_summary.json
Simple comparator,FILE11E,posthoc_comparator,KPC-family rule,roc_auc,0.4778497101989628,,,,higher better,Secondary post-hoc comparator; rules were not tuned on E2 labels.,file11e_final_summary.json
Simple comparator,FILE11E,posthoc_comparator,KPC-family rule,average_precision,0.3024689067955493,,,,higher better,Secondary post-hoc comparator; rules were not tuned on E2 labels.,file11e_final_summary.json
Simple comparator,FILE11E,posthoc_comparator,KPC-family rule,balanced_accuracy,0.47784971019896283,,,,higher better,Secondary post-hoc comparator; rules were not tuned on E2 labels.,file11e_final_summary.json
Simple comparator,FILE11E,posthoc_comparator,KPC-family rule,mcc,-0.05161579940897,,,,higher better,Secondary post-hoc comparator; rules were not tuned on E2 labels.,file11e_final_summary.json
Simple comparator,FILE11E,posthoc_comparator,KPC-family rule,sensitivity,0.1656441717791411,,,,higher better,Secondary post-hoc comparator; rules were not tuned on E2 labels.,file11e_final_summary.json
Simple comparator,FILE11E,posthoc_comparator,KPC-family rule,specificity,0.7900552486187845,,,,higher better,Secondary post-hoc comparator; rules were not tuned on E2 labels.,file11e_final_summary.json
Simple comparator,FILE11E,posthoc_comparator,KPC-family rule,f1,0.20300751879699247,,,,higher better,Secondary post-hoc comparator; rules were not tuned on E2 labels.,file11e_final_summary.json
Simple comparator,FILE11E,posthoc_comparator,KPC-family rule,accuracy,0.5961904761904762,,,,higher better,Secondary post-hoc comparator; rules were not tuned on E2 labels.,file11e_final_summary.json
Simple comparator,FILE11E,posthoc_comparator,Frozen ML minus AMRFinder broad carbapenemase rule,delta_roc_auc,-0.02118943081486806,-0.08059107292889724,0.033457808247251704,,positive favors ML for these metrics,"2,000 paired ERD/SNP-cluster bootstraps.",file11e_paired_cluster_bootstrap_contrasts.csv
Simple comparator,FILE11E,posthoc_comparator,Frozen ML minus AMRFinder broad carbapenemase rule,delta_average_precision,-0.001868287345637718,-0.06647053261843405,0.08853556007769853,,positive favors ML for these metrics,"2,000 paired ERD/SNP-cluster bootstraps.",file11e_paired_cluster_bootstrap_contrasts.csv
Simple comparator,FILE11E,posthoc_comparator,Frozen ML minus AMRFinder broad carbapenemase rule,delta_balanced_accuracy,-0.04912119131279452,-0.09263189997653483,-0.010132818516276763,,positive favors ML for these metrics,"2,000 paired ERD/SNP-cluster bootstraps.",file11e_paired_cluster_bootstrap_contrasts.csv
Simple comparator,FILE11E,posthoc_comparator,Frozen ML minus AMRFinder broad carbapenemase rule,delta_sensitivity,-0.1787946200456205,-0.25758797653958954,-0.1104521794715695,,positive favors ML for these metrics,"2,000 paired ERD/SNP-cluster bootstraps.",file11e_paired_cluster_bootstrap_contrasts.csv
Simple comparator,FILE11E,posthoc_comparator,Frozen ML minus AMRFinder broad carbapenemase rule,delta_specificity,0.08055223742003145,0.04577837184604677,0.11976125873253499,,positive favors ML for these metrics,"2,000 paired ERD/SNP-cluster bootstraps.",file11e_paired_cluster_bootstrap_contrasts.csv
Simple comparator,FILE11E,posthoc_comparator,Frozen ML minus AMRFinder broad carbapenemase rule,delta_f1,-0.05813952342830009,-0.10468152012145243,-0.018063097840422773,,positive favors ML for these metrics,"2,000 paired ERD/SNP-cluster bootstraps.",file11e_paired_cluster_bootstrap_contrasts.csv
Simple comparator,FILE11E,posthoc_comparator,Frozen ML minus AMRFinder broad carbapenemase rule,delta_mcc,-0.09466562025479867,-0.17142567351743423,-0.023869490879408057,,positive favors ML for these metrics,"2,000 paired ERD/SNP-cluster bootstraps.",file11e_paired_cluster_bootstrap_contrasts.csv
Feature-generation source shift,FILE11F,posthoc_sensitivity,Source classifier,source_classifier_CV_AUROC,0.9201342985973592,,,,higher = stronger source signature,Development branch (local AMRFinder vs NCBI precomputed). Exact value synchronized from canonical verifier output.,data/external_validation/ncbi_pathogen_detection/file11f/file11f_source_classifier_cv.csv
Feature-generation source shift,FILE11F,posthoc_sensitivity,Source markers,primary_source_markers,11,,,,,11/668 features met q<=0.01 and |prevalence shift|>=0.20.,FILE11F v1.0.5 completed run log
Feature-generation source shift,FILE11F,posthoc_sensitivity,Source markers,source_markers_in_top_abs_coef_50,0,,,,,No primary source marker was in top-50 |resistance-model coefficient|.,FILE11F v1.0.5 completed run log
Feature-generation source shift,FILE11F,posthoc_sensitivity,Source-debiased full,internal_CV_AUROC,0.9802125290124744,,,,higher better,657 retained features; n=4227. Exact value synchronized from canonical verifier output.,data/external_validation/ncbi_pathogen_detection/file11f/file11f_internal_cv_sensitivity.csv
Feature-generation source shift,FILE11F,posthoc_sensitivity,Source-debiased full,internal_CV_balanced_accuracy,0.9501320813866808,,,,higher better,657 retained features; n=4227. Exact value synchronized from canonical verifier output.,data/external_validation/ncbi_pathogen_detection/file11f/file11f_internal_cv_sensitivity.csv
Feature-generation source shift,FILE11F,posthoc_sensitivity,Local-source-only,internal_CV_AUROC,0.9548709156918112,,,,higher better,n=379. Exact value synchronized from canonical verifier output.,data/external_validation/ncbi_pathogen_detection/file11f/file11f_internal_cv_sensitivity.csv
Feature-generation source shift,FILE11F,posthoc_sensitivity,Local-source-only,internal_CV_balanced_accuracy,0.904766707005513,,,,higher better,n=379. Exact value synchronized from canonical verifier output.,data/external_validation/ncbi_pathogen_detection/file11f/file11f_internal_cv_sensitivity.csv
Feature-generation source shift,FILE11F,posthoc_sensitivity,NCBI-source-only,internal_CV_AUROC,0.9802487320047132,,,,higher better,n=3848. Exact value synchronized from canonical verifier output.,data/external_validation/ncbi_pathogen_detection/file11f/file11f_internal_cv_sensitivity.csv
Feature-generation source shift,FILE11F,posthoc_sensitivity,NCBI-source-only,internal_CV_balanced_accuracy,0.9484046883093966,,,,higher better,n=3848. Exact value synchronized from canonical verifier output.,data/external_validation/ncbi_pathogen_detection/file11f/file11f_internal_cv_sensitivity.csv
Feature-generation source shift,FILE11F,posthoc_sensitivity,Source-debiased full,external_E2_AUROC,0.6657712774972038,,,,higher better,Delta vs frozen = -0.0016. Exact value synchronized from canonical verifier output.,data/external_validation/ncbi_pathogen_detection/file11f/file11f_external_sensitivity_metrics.csv
Feature-generation source shift,FILE11F,posthoc_sensitivity,Source-debiased full,external_E2_balanced_accuracy,0.6396044470053893,,,,higher better,Delta vs frozen = +0.0000. Exact value synchronized from canonical verifier output.,data/external_validation/ncbi_pathogen_detection/file11f/file11f_external_sensitivity_metrics.csv
Feature-generation source shift,FILE11F,posthoc_sensitivity,Source-debiased full,external_E2_MCC,0.2586669751933436,,,,higher better,Exact value synchronized from canonical verifier output.,data/external_validation/ncbi_pathogen_detection/file11f/file11f_external_sensitivity_metrics.csv
Feature-generation source shift,FILE11F,posthoc_sensitivity,Source-debiased full,external_E2_Brier,0.3197841012643103,,,,lower better,Slightly worse than frozen 0.3156. Exact value synchronized from canonical verifier output.,data/external_validation/ncbi_pathogen_detection/file11f/file11f_external_sensitivity_metrics.csv
Feature-generation source shift,FILE11F,posthoc_sensitivity,Local-source-only,external_E2_AUROC,0.6877012507202658,,,,higher better,Delta vs frozen = +0.0204. Exact value synchronized from canonical verifier output.,data/external_validation/ncbi_pathogen_detection/file11f/file11f_external_sensitivity_metrics.csv
Feature-generation source shift,FILE11F,posthoc_sensitivity,Local-source-only,external_E2_balanced_accuracy,0.6051418499813579,,,,higher better,Delta vs frozen = -0.0345. Exact value synchronized from canonical verifier output.,data/external_validation/ncbi_pathogen_detection/file11f/file11f_external_sensitivity_metrics.csv
Feature-generation source shift,FILE11F,posthoc_sensitivity,Local-source-only,external_E2_MCC,0.2117456964746952,,,,higher better,Delta vs frozen = -0.0470. Exact value synchronized from canonical verifier output.,data/external_validation/ncbi_pathogen_detection/file11f/file11f_external_sensitivity_metrics.csv
Feature-generation source shift,FILE11F,posthoc_sensitivity,Local-source-only,external_E2_Brier,0.234406965483684,,,,lower better,"Calibration improved, threshold-level performance worsened. Exact value synchronized from canonical verifier output.",data/external_validation/ncbi_pathogen_detection/file11f/file11f_external_sensitivity_metrics.csv
Feature-generation source shift,FILE11F,posthoc_sensitivity,NCBI-source-only,external_E2_AUROC,0.6693302376029556,,,,higher better,Exact value synchronized from canonical verifier output.,data/external_validation/ncbi_pathogen_detection/file11f/file11f_external_sensitivity_metrics.csv
Feature-generation source shift,FILE11F,posthoc_sensitivity,NCBI-source-only,external_E2_balanced_accuracy,0.6359268548961123,,,,higher better,Exact value synchronized from canonical verifier output.,data/external_validation/ncbi_pathogen_detection/file11f/file11f_external_sensitivity_metrics.csv
Feature-generation source shift,FILE11F,posthoc_sensitivity,NCBI-source-only,external_E2_MCC,0.2522642222331326,,,,higher better,Exact value synchronized from canonical verifier output.,data/external_validation/ncbi_pathogen_detection/file11f/file11f_external_sensitivity_metrics.csv
Feature-generation source shift,FILE11F,posthoc_sensitivity,NCBI-source-only,external_E2_Brier,0.3152633393557837,,,,lower better,Exact value synchronized from canonical verifier output.,data/external_validation/ncbi_pathogen_detection/file11f/file11f_external_sensitivity_metrics.csv
Feature-generation source shift,FILE11F,posthoc_sensitivity,Compute triage,decision,SOURCE_SHIFT_PRESENT_NO_CLEAR_E2_RESCUE,,,,,"Source signature exists, but pre-specified debiasing/source-only sensitivities did not clearly rescue E2.",FILE11F v1.0.5 completed run log
